,iteration,total_steps,phase,episodes,avg_return,avg_loss,supp_min,supp_max,norm_max,Agent,tag,game,actions,explore steps,start epsilon,final epsilon,target update period,gamma,learning rate,adam epsilon,mem size,prefill size,max episode steps,intensity,repeat action probability,batch size,batch prefetch size,training phase steps,eval phase steps,evaluation epsilon,scaling epsilon,noop actions,atoms,warmup iterations
0,0,250000,train,35,2133.1428571428573,0.06444191187620163,-36.30831527709961,41.285552978515625,14.36890983581543,ACN,T2,solaris,18,250000,1.0,0.01,8000,0.99,5e-05,0.0003125,1000000,20000,27000,8,0.25,32,8,250000,0,0.001,0.001,30,32,0
1,1,500000,train,32,589.375,0.03541775047779083,-12.646461486816406,38.4694938659668,8.755038261413574,ACN,T2,solaris,18,250000,1.0,0.01,8000,0.99,5e-05,0.0003125,1000000,20000,27000,8,0.25,32,8,250000,0,0.001,0.001,30,32,0
2,2,750000,train,42,492.3809523809524,0.029741622507572174,-9.585153579711914,37.08655548095703,5.617448806762695,ACN,T2,solaris,18,250000,1.0,0.01,8000,0.99,5e-05,0.0003125,1000000,20000,27000,8,0.25,32,8,250000,0,0.001,0.001,30,32,0
3,3,1000000,train,32,1080.625,0.03011326864361763,-7.682313919067383,35.109596252441406,6.725622177124023,ACN,T2,solaris,18,250000,1.0,0.01,8000,0.99,5e-05,0.0003125,1000000,20000,27000,8,0.25,32,8,250000,0,0.001,0.001,30,32,0
4,4,1250000,train,33,1420.0,0.02695275843143463,-6.47818660736084,32.62418746948242,6.59841251373291,ACN,T2,solaris,18,250000,1.0,0.01,8000,0.99,5e-05,0.0003125,1000000,20000,27000,8,0.25,32,8,250000,0,0.001,0.001,30,32,0
5,5,1500000,train,33,1797.5757575757575,0.024388568475842476,-5.494087219238281,29.584203720092773,7.258662700653076,ACN,T2,solaris,18,250000,1.0,0.01,8000,0.99,5e-05,0.0003125,1000000,20000,27000,8,0.25,32,8,250000,0,0.001,0.001,30,32,0
6,6,1750000,train,32,1679.375,0.025734148919582367,-5.028459072113037,26.637359619140625,7.949177265167236,ACN,T2,solaris,18,250000,1.0,0.01,8000,0.99,5e-05,0.0003125,1000000,20000,27000,8,0.25,32,8,250000,0,0.001,0.001,30,32,0
7,7,2000000,train,32,1556.25,0.026916535571217537,-4.178460597991943,24.35936737060547,7.389045238494873,ACN,T2,solaris,18,250000,1.0,0.01,8000,0.99,5e-05,0.0003125,1000000,20000,27000,8,0.25,32,8,250000,0,0.001,0.001,30,32,0
8,8,2250000,train,33,1038.7878787878788,0.02485884726047516,-4.638287544250488,21.863664627075195,9.744394302368164,ACN,T2,solaris,18,250000,1.0,0.01,8000,0.99,5e-05,0.0003125,1000000,20000,27000,8,0.25,32,8,250000,0,0.001,0.001,30,32,0
9,9,2500000,train,32,1201.875,0.02290142886340618,-5.043056011199951,19.460262298583984,7.735549449920654,ACN,T2,solaris,18,250000,1.0,0.01,8000,0.99,5e-05,0.0003125,1000000,20000,27000,8,0.25,32,8,250000,0,0.001,0.001,30,32,0
10,10,2750000,train,31,1385.1612903225807,0.02124008722603321,-3.353574514389038,17.432649612426758,5.312626361846924,ACN,T2,solaris,18,250000,1.0,0.01,8000,0.99,5e-05,0.0003125,1000000,20000,27000,8,0.25,32,8,250000,0,0.001,0.001,30,32,0
11,11,3000000,train,36,1525.0,0.020328281447291374,-4.949922561645508,15.332005500793457,6.226491451263428,ACN,T2,solaris,18,250000,1.0,0.01,8000,0.99,5e-05,0.0003125,1000000,20000,27000,8,0.25,32,8,250000,0,0.001,0.001,30,32,0
12,12,3250000,train,31,1438.0645161290322,0.020460035651922226,-3.9600651264190674,13.587122917175293,4.539335250854492,ACN,T2,solaris,18,250000,1.0,0.01,8000,0.99,5e-05,0.0003125,1000000,20000,27000,8,0.25,32,8,250000,0,0.001,0.001,30,32,0
13,13,3500000,train,33,1218.7878787878788,0.021636230871081352,-3.3412933349609375,12.296998023986816,3.649644374847412,ACN,T2,solaris,18,250000,1.0,0.01,8000,0.99,5e-05,0.0003125,1000000,20000,27000,8,0.25,32,8,250000,0,0.001,0.001,30,32,0
14,14,3750000,train,34,885.2941176470588,0.020142262801527977,-3.1731107234954834,11.062925338745117,3.937493085861206,ACN,T2,solaris,18,250000,1.0,0.01,8000,0.99,5e-05,0.0003125,1000000,20000,27000,8,0.25,32,8,250000,0,0.001,0.001,30,32,0
15,15,4000000,train,30,1234.6666666666667,0.019053880125284195,-3.293396472930908,9.781805992126465,3.6011979579925537,ACN,T2,solaris,18,250000,1.0,0.01,8000,0.99,5e-05,0.0003125,1000000,20000,27000,8,0.25,32,8,250000,0,0.001,0.001,30,32,0
16,16,4250000,train,35,1390.857142857143,0.018133016303181648,-2.5896825790405273,8.478971481323242,2.5576727390289307,ACN,T2,solaris,18,250000,1.0,0.01,8000,0.99,5e-05,0.0003125,1000000,20000,27000,8,0.25,32,8,250000,0,0.001,0.001,30,32,0
17,17,4500000,train,30,1819.3333333333333,0.018363678827881813,-2.5015852451324463,7.725093364715576,2.3780975341796875,ACN,T2,solaris,18,250000,1.0,0.01,8000,0.99,5e-05,0.0003125,1000000,20000,27000,8,0.25,32,8,250000,0,0.001,0.001,30,32,0
18,18,4750000,train,31,1417.4193548387098,0.020083129405975342,-2.306138515472412,7.064910411834717,2.6767256259918213,ACN,T2,solaris,18,250000,1.0,0.01,8000,0.99,5e-05,0.0003125,1000000,20000,27000,8,0.25,32,8,250000,0,0.001,0.001,30,32,0
19,19,5000000,train,32,1482.5,0.02112780325114727,-2.376498222351074,5.974780559539795,2.06610369682312,ACN,T2,solaris,18,250000,1.0,0.01,8000,0.99,5e-05,0.0003125,1000000,20000,27000,8,0.25,32,8,250000,0,0.001,0.001,30,32,0
20,20,5250000,train,32,1235.625,0.019163407385349274,-2.23496675491333,5.546446800231934,1.8929816484451294,ACN,T2,solaris,18,250000,1.0,0.01,8000,0.99,5e-05,0.0003125,1000000,20000,27000,8,0.25,32,8,250000,0,0.001,0.001,30,32,0
21,21,5500000,train,30,1250.6666666666667,0.019874542951583862,-1.7727688550949097,4.942383289337158,1.8659580945968628,ACN,T2,solaris,18,250000,1.0,0.01,8000,0.99,5e-05,0.0003125,1000000,20000,27000,8,0.25,32,8,250000,0,0.001,0.001,30,32,0
22,22,5750000,train,29,1092.4137931034484,0.017105035483837128,-1.5443071126937866,4.197699546813965,1.8316247463226318,ACN,T2,solaris,18,250000,1.0,0.01,8000,0.99,5e-05,0.0003125,1000000,20000,27000,8,0.25,32,8,250000,0,0.001,0.001,30,32,0
23,23,6000000,train,34,1311.764705882353,0.017475102096796036,-1.3630298376083374,3.6378419399261475,1.601637601852417,ACN,T2,solaris,18,250000,1.0,0.01,8000,0.99,5e-05,0.0003125,1000000,20000,27000,8,0.25,32,8,250000,0,0.001,0.001,30,32,0
24,24,6250000,train,33,1796.3636363636363,0.017959270626306534,-1.275438904762268,3.4130699634552,1.5768898725509644,ACN,T2,solaris,18,250000,1.0,0.01,8000,0.99,5e-05,0.0003125,1000000,20000,27000,8,0.25,32,8,250000,0,0.001,0.001,30,32,0
25,25,6500000,train,35,1440.5714285714287,0.019347941502928734,-1.133344054222107,2.972848892211914,1.1640253067016602,ACN,T2,solaris,18,250000,1.0,0.01,8000,0.99,5e-05,0.0003125,1000000,20000,27000,8,0.25,32,8,250000,0,0.001,0.001,30,32,0
26,26,6750000,train,33,1092.121212121212,0.01993795670568943,-1.066749930381775,2.7407314777374268,1.1412988901138306,ACN,T2,solaris,18,250000,1.0,0.01,8000,0.99,5e-05,0.0003125,1000000,20000,27000,8,0.25,32,8,250000,0,0.001,0.001,30,32,0
27,27,7000000,train,35,1221.7142857142858,0.019094517454504967,-0.8768919706344604,2.4105169773101807,1.1420598030090332,ACN,T2,solaris,18,250000,1.0,0.01,8000,0.99,5e-05,0.0003125,1000000,20000,27000,8,0.25,32,8,250000,0,0.001,0.001,30,32,0
28,28,7250000,train,36,1300.0,0.019957302138209343,-0.9054356217384338,2.406522274017334,0.881435215473175,ACN,T2,solaris,18,250000,1.0,0.01,8000,0.99,5e-05,0.0003125,1000000,20000,27000,8,0.25,32,8,250000,0,0.001,0.001,30,32,0
29,29,7500000,train,30,1176.0,0.017815936356782913,-0.8591928482055664,2.3073484897613525,0.8376481533050537,ACN,T2,solaris,18,250000,1.0,0.01,8000,0.99,5e-05,0.0003125,1000000,20000,27000,8,0.25,32,8,250000,0,0.001,0.001,30,32,0
30,30,7750000,train,29,691.7241379310345,0.01644689030945301,-0.7382897734642029,2.3027141094207764,0.7303580641746521,ACN,T2,solaris,18,250000,1.0,0.01,8000,0.99,5e-05,0.0003125,1000000,20000,27000,8,0.25,32,8,250000,0,0.001,0.001,30,32,0
31,31,8000000,train,34,937.0588235294117,0.016247304156422615,-0.7241088151931763,2.412569761276245,0.5358088612556458,ACN,T2,solaris,18,250000,1.0,0.01,8000,0.99,5e-05,0.0003125,1000000,20000,27000,8,0.25,32,8,250000,0,0.001,0.001,30,32,0
32,32,8250000,train,34,945.8823529411765,0.013305743224918842,-0.797640323638916,2.2626771926879883,0.46922436356544495,ACN,T2,solaris,18,250000,1.0,0.01,8000,0.99,5e-05,0.0003125,1000000,20000,27000,8,0.25,32,8,250000,0,0.001,0.001,30,32,0
33,33,8500000,train,32,893.75,0.01304276380687952,-0.7497031092643738,2.0244486331939697,0.4177844226360321,ACN,T2,solaris,18,250000,1.0,0.01,8000,0.99,5e-05,0.0003125,1000000,20000,27000,8,0.25,32,8,250000,0,0.001,0.001,30,32,0
34,34,8750000,train,31,826.4516129032259,0.012451788410544395,-0.6353921890258789,1.778934359550476,0.31604287028312683,ACN,T2,solaris,18,250000,1.0,0.01,8000,0.99,5e-05,0.0003125,1000000,20000,27000,8,0.25,32,8,250000,0,0.001,0.001,30,32,0
35,35,9000000,train,32,951.875,0.012941515073180199,-0.46792495250701904,1.639522671699524,0.3155319392681122,ACN,T2,solaris,18,250000,1.0,0.01,8000,0.99,5e-05,0.0003125,1000000,20000,27000,8,0.25,32,8,250000,0,0.001,0.001,30,32,0
36,36,9250000,train,31,954.1935483870968,0.013261757791042328,-0.40695375204086304,1.3669747114181519,0.4286894202232361,ACN,T2,solaris,18,250000,1.0,0.01,8000,0.99,5e-05,0.0003125,1000000,20000,27000,8,0.25,32,8,250000,0,0.001,0.001,30,32,0
37,37,9500000,train,31,773.5483870967741,0.01233504805713892,-0.341033399105072,1.3132609128952026,0.35329023003578186,ACN,T2,solaris,18,250000,1.0,0.01,8000,0.99,5e-05,0.0003125,1000000,20000,27000,8,0.25,32,8,250000,0,0.001,0.001,30,32,0
38,38,9750000,train,29,982.7586206896551,0.012712891213595867,-0.37669438123703003,1.17399263381958,0.4365168511867523,ACN,T2,solaris,18,250000,1.0,0.01,8000,0.99,5e-05,0.0003125,1000000,20000,27000,8,0.25,32,8,250000,0,0.001,0.001,30,32,0
39,39,10000000,train,34,1018.8235294117648,0.01290744449943304,-0.3273213803768158,1.1022969484329224,0.29660797119140625,ACN,T2,solaris,18,250000,1.0,0.01,8000,0.99,5e-05,0.0003125,1000000,20000,27000,8,0.25,32,8,250000,0,0.001,0.001,30,32,0
40,40,10250000,train,32,956.875,0.012729912996292114,-0.3062320053577423,1.02665376663208,0.27457666397094727,ACN,T2,solaris,18,250000,1.0,0.01,8000,0.99,5e-05,0.0003125,1000000,20000,27000,8,0.25,32,8,250000,0,0.001,0.001,30,32,0
41,41,10500000,train,33,1152.7272727272727,0.012693696655333042,-0.26951032876968384,0.9499703049659729,0.26457884907722473,ACN,T2,solaris,18,250000,1.0,0.01,8000,0.99,5e-05,0.0003125,1000000,20000,27000,8,0.25,32,8,250000,0,0.001,0.001,30,32,0
42,42,10750000,train,34,1012.3529411764706,0.014719773083925247,-0.21962690353393555,0.9111171364784241,0.28744134306907654,ACN,T2,solaris,18,250000,1.0,0.01,8000,0.99,5e-05,0.0003125,1000000,20000,27000,8,0.25,32,8,250000,0,0.001,0.001,30,32,0
43,43,11000000,train,33,1239.3939393939395,0.016330786049365997,-0.2402898669242859,0.8152464032173157,0.290549635887146,ACN,T2,solaris,18,250000,1.0,0.01,8000,0.99,5e-05,0.0003125,1000000,20000,27000,8,0.25,32,8,250000,0,0.001,0.001,30,32,0
44,44,11250000,train,29,1071.7241379310344,0.017477240413427353,-0.2455434650182724,0.7687981128692627,0.29793089628219604,ACN,T2,solaris,18,250000,1.0,0.01,8000,0.99,5e-05,0.0003125,1000000,20000,27000,8,0.25,32,8,250000,0,0.001,0.001,30,32,0
45,45,11500000,train,31,1097.4193548387098,0.01607677713036537,-0.21416616439819336,0.7216225266456604,0.3168543577194214,ACN,T2,solaris,18,250000,1.0,0.01,8000,0.99,5e-05,0.0003125,1000000,20000,27000,8,0.25,32,8,250000,0,0.001,0.001,30,32,0
46,46,11750000,train,30,1068.6666666666667,0.015248522162437439,-0.1912253051996231,0.6207509636878967,0.22990179061889648,ACN,T2,solaris,18,250000,1.0,0.01,8000,0.99,5e-05,0.0003125,1000000,20000,27000,8,0.25,32,8,250000,0,0.001,0.001,30,32,0
47,47,12000000,train,33,1109.090909090909,0.014562754891812801,-0.20386795699596405,0.6550089120864868,0.25441473722457886,ACN,T2,solaris,18,250000,1.0,0.01,8000,0.99,5e-05,0.0003125,1000000,20000,27000,8,0.25,32,8,250000,0,0.001,0.001,30,32,0
48,48,12250000,train,33,1119.3939393939395,0.014999090693891048,-0.1670505553483963,0.6266790628433228,0.23212474584579468,ACN,T2,solaris,18,250000,1.0,0.01,8000,0.99,5e-05,0.0003125,1000000,20000,27000,8,0.25,32,8,250000,0,0.001,0.001,30,32,0
49,49,12500000,train,32,1220.625,0.016789337620139122,-0.1889454424381256,0.6770669221878052,0.239820197224617,ACN,T2,solaris,18,250000,1.0,0.01,8000,0.99,5e-05,0.0003125,1000000,20000,27000,8,0.25,32,8,250000,0,0.001,0.001,30,32,0
50,50,12750000,train,31,1113.5483870967741,0.01658252254128456,-0.21571289002895355,0.6664695739746094,0.2808168828487396,ACN,T2,solaris,18,250000,1.0,0.01,8000,0.99,5e-05,0.0003125,1000000,20000,27000,8,0.25,32,8,250000,0,0.001,0.001,30,32,0
51,51,13000000,train,36,1488.3333333333333,0.017439845949411392,-0.1985071301460266,0.6622167229652405,0.21053291857242584,ACN,T2,solaris,18,250000,1.0,0.01,8000,0.99,5e-05,0.0003125,1000000,20000,27000,8,0.25,32,8,250000,0,0.001,0.001,30,32,0
52,52,13250000,train,30,993.3333333333334,0.018102994188666344,-0.13734135031700134,0.6041781902313232,0.20687603950500488,ACN,T2,solaris,18,250000,1.0,0.01,8000,0.99,5e-05,0.0003125,1000000,20000,27000,8,0.25,32,8,250000,0,0.001,0.001,30,32,0
53,53,13500000,train,30,1116.6666666666667,0.016553040593862534,-0.19188253581523895,0.5971219539642334,0.19504119455814362,ACN,T2,solaris,18,250000,1.0,0.01,8000,0.99,5e-05,0.0003125,1000000,20000,27000,8,0.25,32,8,250000,0,0.001,0.001,30,32,0
54,54,13750000,train,35,1092.0,0.0153971491381526,-0.17376001179218292,0.581127405166626,0.23960548639297485,ACN,T2,solaris,18,250000,1.0,0.01,8000,0.99,5e-05,0.0003125,1000000,20000,27000,8,0.25,32,8,250000,0,0.001,0.001,30,32,0
55,55,14000000,train,36,874.4444444444445,0.015713294968008995,-0.18269117176532745,0.6394750475883484,0.23269909620285034,ACN,T2,solaris,18,250000,1.0,0.01,8000,0.99,5e-05,0.0003125,1000000,20000,27000,8,0.25,32,8,250000,0,0.001,0.001,30,32,0
56,56,14250000,train,31,1032.9032258064517,0.015228349715471268,-0.17834043502807617,0.6850990653038025,0.2297959178686142,ACN,T2,solaris,18,250000,1.0,0.01,8000,0.99,5e-05,0.0003125,1000000,20000,27000,8,0.25,32,8,250000,0,0.001,0.001,30,32,0
57,57,14500000,train,32,1352.5,0.015370997600257397,-0.136514350771904,0.6886303424835205,0.25974345207214355,ACN,T2,solaris,18,250000,1.0,0.01,8000,0.99,5e-05,0.0003125,1000000,20000,27000,8,0.25,32,8,250000,0,0.001,0.001,30,32,0
58,58,14750000,train,33,949.6969696969697,0.014967569150030613,-0.12926016747951508,0.6776166558265686,0.2282414734363556,ACN,T2,solaris,18,250000,1.0,0.01,8000,0.99,5e-05,0.0003125,1000000,20000,27000,8,0.25,32,8,250000,0,0.001,0.001,30,32,0
59,59,15000000,train,34,793.5294117647059,0.015516010113060474,-0.1181948259472847,0.7188403010368347,0.2214144617319107,ACN,T2,solaris,18,250000,1.0,0.01,8000,0.99,5e-05,0.0003125,1000000,20000,27000,8,0.25,32,8,250000,0,0.001,0.001,30,32,0
60,60,15250000,train,33,1109.6969696969697,0.01536497287452221,-0.16308049857616425,0.7670614719390869,0.22615507245063782,ACN,T2,solaris,18,250000,1.0,0.01,8000,0.99,5e-05,0.0003125,1000000,20000,27000,8,0.25,32,8,250000,0,0.001,0.001,30,32,0
61,61,15500000,train,33,1085.4545454545455,0.015164156444370747,-0.1643299162387848,0.7942492365837097,0.22898058593273163,ACN,T2,solaris,18,250000,1.0,0.01,8000,0.99,5e-05,0.0003125,1000000,20000,27000,8,0.25,32,8,250000,0,0.001,0.001,30,32,0
62,62,15750000,train,30,1082.0,0.01484171487390995,-0.15230950713157654,0.7815223336219788,0.20915575325489044,ACN,T2,solaris,18,250000,1.0,0.01,8000,0.99,5e-05,0.0003125,1000000,20000,27000,8,0.25,32,8,250000,0,0.001,0.001,30,32,0
63,63,16000000,train,32,1266.875,0.015231476165354252,-0.16683241724967957,0.9011013507843018,0.20928429067134857,ACN,T2,solaris,18,250000,1.0,0.01,8000,0.99,5e-05,0.0003125,1000000,20000,27000,8,0.25,32,8,250000,0,0.001,0.001,30,32,0
64,64,16250000,train,36,1018.3333333333334,0.015727240592241287,-0.18130406737327576,1.0232006311416626,0.2269800901412964,ACN,T2,solaris,18,250000,1.0,0.01,8000,0.99,5e-05,0.0003125,1000000,20000,27000,8,0.25,32,8,250000,0,0.001,0.001,30,32,0
65,65,16500000,train,33,971.5151515151515,0.015723174437880516,-0.1324746161699295,0.9855030179023743,0.20883730053901672,ACN,T2,solaris,18,250000,1.0,0.01,8000,0.99,5e-05,0.0003125,1000000,20000,27000,8,0.25,32,8,250000,0,0.001,0.001,30,32,0
66,66,16750000,train,32,1210.0,0.015645582228899002,-0.135260209441185,1.0756391286849976,0.19301855564117432,ACN,T2,solaris,18,250000,1.0,0.01,8000,0.99,5e-05,0.0003125,1000000,20000,27000,8,0.25,32,8,250000,0,0.001,0.001,30,32,0
67,67,17000000,train,33,980.6060606060606,0.015667695552110672,-0.14429894089698792,1.05099356174469,0.25220972299575806,ACN,T2,solaris,18,250000,1.0,0.01,8000,0.99,5e-05,0.0003125,1000000,20000,27000,8,0.25,32,8,250000,0,0.001,0.001,30,32,0
68,68,17250000,train,29,1162.0689655172414,0.014869495294988155,-0.14994937181472778,1.1075493097305298,0.2252684086561203,ACN,T2,solaris,18,250000,1.0,0.01,8000,0.99,5e-05,0.0003125,1000000,20000,27000,8,0.25,32,8,250000,0,0.001,0.001,30,32,0
69,69,17500000,train,33,891.5151515151515,0.013178132474422455,-0.19349519908428192,1.1701672077178955,0.25222137570381165,ACN,T2,solaris,18,250000,1.0,0.01,8000,0.99,5e-05,0.0003125,1000000,20000,27000,8,0.25,32,8,250000,0,0.001,0.001,30,32,0
70,70,17750000,train,31,900.0,0.012893985025584698,-0.19085578620433807,1.1704270839691162,0.2168731540441513,ACN,T2,solaris,18,250000,1.0,0.01,8000,0.99,5e-05,0.0003125,1000000,20000,27000,8,0.25,32,8,250000,0,0.001,0.001,30,32,0
71,71,18000000,train,34,671.1764705882352,0.01145185623317957,-0.1607712209224701,1.1342424154281616,0.1944444477558136,ACN,T2,solaris,18,250000,1.0,0.01,8000,0.99,5e-05,0.0003125,1000000,20000,27000,8,0.25,32,8,250000,0,0.001,0.001,30,32,0
72,72,18250000,train,31,978.7096774193549,0.011401616036891937,-0.1594550907611847,1.0478497743606567,0.20226606726646423,ACN,T2,solaris,18,250000,1.0,0.01,8000,0.99,5e-05,0.0003125,1000000,20000,27000,8,0.25,32,8,250000,0,0.001,0.001,30,32,0
73,73,18500000,train,37,748.6486486486486,0.010666307993233204,-0.15522293746471405,0.9053184390068054,0.19269885122776031,ACN,T2,solaris,18,250000,1.0,0.01,8000,0.99,5e-05,0.0003125,1000000,20000,27000,8,0.25,32,8,250000,0,0.001,0.001,30,32,0
74,74,18750000,train,33,764.2424242424242,0.010692662559449673,-0.14833661913871765,0.7927875518798828,0.1712455451488495,ACN,T2,solaris,18,250000,1.0,0.01,8000,0.99,5e-05,0.0003125,1000000,20000,27000,8,0.25,32,8,250000,0,0.001,0.001,30,32,0
75,75,19000000,train,32,1194.375,0.010617605410516262,-0.16678522527217865,0.7810081839561462,0.16287729144096375,ACN,T2,solaris,18,250000,1.0,0.01,8000,0.99,5e-05,0.0003125,1000000,20000,27000,8,0.25,32,8,250000,0,0.001,0.001,30,32,0
76,76,19250000,train,33,835.1515151515151,0.013150043785572052,-0.12769551575183868,0.8017601370811462,0.20364205539226532,ACN,T2,solaris,18,250000,1.0,0.01,8000,0.99,5e-05,0.0003125,1000000,20000,27000,8,0.25,32,8,250000,0,0.001,0.001,30,32,0
77,77,19500000,train,36,776.1111111111111,0.012793291360139847,-0.13672778010368347,0.7947830557823181,0.16568391025066376,ACN,T2,solaris,18,250000,1.0,0.01,8000,0.99,5e-05,0.0003125,1000000,20000,27000,8,0.25,32,8,250000,0,0.001,0.001,30,32,0
78,78,19750000,train,30,693.3333333333334,0.012573549523949623,-0.13522464036941528,0.7582702040672302,0.17861004173755646,ACN,T2,solaris,18,250000,1.0,0.01,8000,0.99,5e-05,0.0003125,1000000,20000,27000,8,0.25,32,8,250000,0,0.001,0.001,30,32,0
79,79,20000000,train,36,989.4444444444445,0.012057152576744556,-0.12031643837690353,0.6834333539009094,0.21223989129066467,ACN,T2,solaris,18,250000,1.0,0.01,8000,0.99,5e-05,0.0003125,1000000,20000,27000,8,0.25,32,8,250000,0,0.001,0.001,30,32,0
80,80,20250000,train,35,976.0,0.011417124420404434,-0.1043165922164917,0.6289176940917969,0.1409904956817627,ACN,T2,solaris,18,250000,1.0,0.01,8000,0.99,5e-05,0.0003125,1000000,20000,27000,8,0.25,32,8,250000,0,0.001,0.001,30,32,0
81,81,20500000,train,31,1082.5806451612902,0.013428889214992523,-0.08969737589359283,0.550417959690094,0.19096055626869202,ACN,T2,solaris,18,250000,1.0,0.01,8000,0.99,5e-05,0.0003125,1000000,20000,27000,8,0.25,32,8,250000,0,0.001,0.001,30,32,0
82,82,20750000,train,37,756.2162162162163,0.014037379063665867,-0.10450990498065948,0.5244598984718323,0.15011590719223022,ACN,T2,solaris,18,250000,1.0,0.01,8000,0.99,5e-05,0.0003125,1000000,20000,27000,8,0.25,32,8,250000,0,0.001,0.001,30,32,0
83,83,21000000,train,35,810.8571428571429,0.013314466923475266,-0.08154189586639404,0.553281307220459,0.1483517736196518,ACN,T2,solaris,18,250000,1.0,0.01,8000,0.99,5e-05,0.0003125,1000000,20000,27000,8,0.25,32,8,250000,0,0.001,0.001,30,32,0
84,84,21250000,train,33,804.2424242424242,0.013600888662040234,-0.09736019372940063,0.6279342174530029,0.1860070824623108,ACN,T2,solaris,18,250000,1.0,0.01,8000,0.99,5e-05,0.0003125,1000000,20000,27000,8,0.25,32,8,250000,0,0.001,0.001,30,32,0
85,85,21500000,train,29,1292.4137931034484,0.012438386678695679,-0.09681804478168488,0.6278067231178284,0.1746855229139328,ACN,T2,solaris,18,250000,1.0,0.01,8000,0.99,5e-05,0.0003125,1000000,20000,27000,8,0.25,32,8,250000,0,0.001,0.001,30,32,0
86,86,21750000,train,31,1336.774193548387,0.012390891090035439,-0.09304666519165039,0.5608025789260864,0.17797014117240906,ACN,T2,solaris,18,250000,1.0,0.01,8000,0.99,5e-05,0.0003125,1000000,20000,27000,8,0.25,32,8,250000,0,0.001,0.001,30,32,0
87,87,22000000,train,35,1018.8571428571429,0.014095799066126347,-0.0838087871670723,0.5838650465011597,0.19288358092308044,ACN,T2,solaris,18,250000,1.0,0.01,8000,0.99,5e-05,0.0003125,1000000,20000,27000,8,0.25,32,8,250000,0,0.001,0.001,30,32,0
88,88,22250000,train,34,1028.235294117647,0.015480639412999153,-0.1042141243815422,0.7170640230178833,0.2026652991771698,ACN,T2,solaris,18,250000,1.0,0.01,8000,0.99,5e-05,0.0003125,1000000,20000,27000,8,0.25,32,8,250000,0,0.001,0.001,30,32,0
89,89,22500000,train,34,692.9411764705883,0.01526201143860817,-0.12114441394805908,0.7350086569786072,0.18457989394664764,ACN,T2,solaris,18,250000,1.0,0.01,8000,0.99,5e-05,0.0003125,1000000,20000,27000,8,0.25,32,8,250000,0,0.001,0.001,30,32,0
90,90,22750000,train,40,969.0,0.014434144832193851,-0.1155070886015892,0.757756233215332,0.16783961653709412,ACN,T2,solaris,18,250000,1.0,0.01,8000,0.99,5e-05,0.0003125,1000000,20000,27000,8,0.25,32,8,250000,0,0.001,0.001,30,32,0
91,91,23000000,train,39,986.1538461538462,0.0145664531737566,-0.11237753182649612,0.6934114694595337,0.1450703740119934,ACN,T2,solaris,18,250000,1.0,0.01,8000,0.99,5e-05,0.0003125,1000000,20000,27000,8,0.25,32,8,250000,0,0.001,0.001,30,32,0
92,92,23250000,train,40,1149.5,0.015206615440547466,-0.10428430140018463,0.6295403242111206,0.11539427191019058,ACN,T2,solaris,18,250000,1.0,0.01,8000,0.99,5e-05,0.0003125,1000000,20000,27000,8,0.25,32,8,250000,0,0.001,0.001,30,32,0
93,93,23500000,train,38,1056.842105263158,0.016811611130833626,-0.1436307728290558,0.6223501563072205,0.1716785877943039,ACN,T2,solaris,18,250000,1.0,0.01,8000,0.99,5e-05,0.0003125,1000000,20000,27000,8,0.25,32,8,250000,0,0.001,0.001,30,32,0
94,94,23750000,train,42,971.9047619047619,0.01833346113562584,-0.11873879283666611,0.624545156955719,0.18380984663963318,ACN,T2,solaris,18,250000,1.0,0.01,8000,0.99,5e-05,0.0003125,1000000,20000,27000,8,0.25,32,8,250000,0,0.001,0.001,30,32,0
95,95,24000000,train,36,1137.7777777777778,0.017114628106355667,-0.15213769674301147,0.6101312041282654,0.17019259929656982,ACN,T2,solaris,18,250000,1.0,0.01,8000,0.99,5e-05,0.0003125,1000000,20000,27000,8,0.25,32,8,250000,0,0.001,0.001,30,32,0
96,96,24250000,train,35,1118.857142857143,0.0171800684183836,-0.1282399594783783,0.6016020178794861,0.14859849214553833,ACN,T2,solaris,18,250000,1.0,0.01,8000,0.99,5e-05,0.0003125,1000000,20000,27000,8,0.25,32,8,250000,0,0.001,0.001,30,32,0
97,97,24500000,train,37,1339.4594594594594,0.017017096281051636,-0.15701717138290405,0.605885922908783,0.1711505651473999,ACN,T2,solaris,18,250000,1.0,0.01,8000,0.99,5e-05,0.0003125,1000000,20000,27000,8,0.25,32,8,250000,0,0.001,0.001,30,32,0
98,98,24750000,train,41,1249.2682926829268,0.01847648248076439,-0.1386127769947052,0.6852855086326599,0.15759126842021942,ACN,T2,solaris,18,250000,1.0,0.01,8000,0.99,5e-05,0.0003125,1000000,20000,27000,8,0.25,32,8,250000,0,0.001,0.001,30,32,0
99,99,25000000,train,41,1023.4146341463414,0.01876707188785076,-0.17099395394325256,0.7313090562820435,0.17198583483695984,ACN,T2,solaris,18,250000,1.0,0.01,8000,0.99,5e-05,0.0003125,1000000,20000,27000,8,0.25,32,8,250000,0,0.001,0.001,30,32,0
100,100,25250000,train,44,1375.4545454545455,0.019787074998021126,-0.1565079391002655,0.7679296135902405,0.16752779483795166,ACN,T2,solaris,18,250000,1.0,0.01,8000,0.99,5e-05,0.0003125,1000000,20000,27000,8,0.25,32,8,250000,0,0.001,0.001,30,32,0
101,101,25500000,train,43,1207.906976744186,0.02097673900425434,-0.135904461145401,0.8287335634231567,0.17227916419506073,ACN,T2,solaris,18,250000,1.0,0.01,8000,0.99,5e-05,0.0003125,1000000,20000,27000,8,0.25,32,8,250000,0,0.001,0.001,30,32,0
102,102,25750000,train,41,1023.4146341463414,0.019503723829984665,-0.13396216928958893,0.8323057293891907,0.17177386581897736,ACN,T2,solaris,18,250000,1.0,0.01,8000,0.99,5e-05,0.0003125,1000000,20000,27000,8,0.25,32,8,250000,0,0.001,0.001,30,32,0
103,103,26000000,train,31,1088.3870967741937,0.020223716273903847,-0.12661851942539215,0.8135885000228882,0.161258265376091,ACN,T2,solaris,18,250000,1.0,0.01,8000,0.99,5e-05,0.0003125,1000000,20000,27000,8,0.25,32,8,250000,0,0.001,0.001,30,32,0
104,104,26250000,train,36,682.7777777777778,0.01712714321911335,-0.14573059976100922,0.7430071830749512,0.1545252799987793,ACN,T2,solaris,18,250000,1.0,0.01,8000,0.99,5e-05,0.0003125,1000000,20000,27000,8,0.25,32,8,250000,0,0.001,0.001,30,32,0
105,105,26500000,train,33,632.1212121212121,0.014695622026920319,-0.1539718359708786,0.6231731176376343,0.1687912940979004,ACN,T2,solaris,18,250000,1.0,0.01,8000,0.99,5e-05,0.0003125,1000000,20000,27000,8,0.25,32,8,250000,0,0.001,0.001,30,32,0
106,106,26750000,train,33,1057.5757575757575,0.012987895868718624,-0.15097160637378693,0.6790630221366882,0.183441162109375,ACN,T2,solaris,18,250000,1.0,0.01,8000,0.99,5e-05,0.0003125,1000000,20000,27000,8,0.25,32,8,250000,0,0.001,0.001,30,32,0
107,107,27000000,train,32,1226.875,0.013585272245109081,-0.1595621556043625,0.7049481868743896,0.17281104624271393,ACN,T2,solaris,18,250000,1.0,0.01,8000,0.99,5e-05,0.0003125,1000000,20000,27000,8,0.25,32,8,250000,0,0.001,0.001,30,32,0
108,108,27250000,train,30,972.6666666666666,0.01316847838461399,-0.13734334707260132,0.715408205986023,0.1518622487783432,ACN,T2,solaris,18,250000,1.0,0.01,8000,0.99,5e-05,0.0003125,1000000,20000,27000,8,0.25,32,8,250000,0,0.001,0.001,30,32,0
109,109,27500000,train,31,915.483870967742,0.014159134589135647,-0.1370527297258377,0.7675660848617554,0.17102119326591492,ACN,T2,solaris,18,250000,1.0,0.01,8000,0.99,5e-05,0.0003125,1000000,20000,27000,8,0.25,32,8,250000,0,0.001,0.001,30,32,0
110,110,27750000,train,31,1024.516129032258,0.01473687868565321,-0.12462492287158966,0.8028589487075806,0.15139110386371613,ACN,T2,solaris,18,250000,1.0,0.01,8000,0.99,5e-05,0.0003125,1000000,20000,27000,8,0.25,32,8,250000,0,0.001,0.001,30,32,0
111,111,28000000,train,35,722.2857142857143,0.014224521815776825,-0.10069473087787628,0.8857516646385193,0.15288563072681427,ACN,T2,solaris,18,250000,1.0,0.01,8000,0.99,5e-05,0.0003125,1000000,20000,27000,8,0.25,32,8,250000,0,0.001,0.001,30,32,0
112,112,28250000,train,30,1026.6666666666667,0.013386779464781284,-0.10433929413557053,0.9525763988494873,0.16626526415348053,ACN,T2,solaris,18,250000,1.0,0.01,8000,0.99,5e-05,0.0003125,1000000,20000,27000,8,0.25,32,8,250000,0,0.001,0.001,30,32,0
113,113,28500000,train,34,1139.4117647058824,0.013813799247145653,-0.0981319323182106,0.9385244846343994,0.1894088238477707,ACN,T2,solaris,18,250000,1.0,0.01,8000,0.99,5e-05,0.0003125,1000000,20000,27000,8,0.25,32,8,250000,0,0.001,0.001,30,32,0
114,114,28750000,train,32,1503.125,0.01568054035305977,-0.0842135101556778,0.8895120620727539,0.21568076312541962,ACN,T2,solaris,18,250000,1.0,0.01,8000,0.99,5e-05,0.0003125,1000000,20000,27000,8,0.25,32,8,250000,0,0.001,0.001,30,32,0
115,115,29000000,train,34,1455.8823529411766,0.01782769337296486,-0.08806981891393661,0.9129713773727417,0.17282550036907196,ACN,T2,solaris,18,250000,1.0,0.01,8000,0.99,5e-05,0.0003125,1000000,20000,27000,8,0.25,32,8,250000,0,0.001,0.001,30,32,0
116,116,29250000,train,37,832.4324324324324,0.018974710255861282,-0.16911859810352325,0.9877229928970337,0.1903616487979889,ACN,T2,solaris,18,250000,1.0,0.01,8000,0.99,5e-05,0.0003125,1000000,20000,27000,8,0.25,32,8,250000,0,0.001,0.001,30,32,0
117,117,29500000,train,40,827.0,0.01837700605392456,-0.1833433359861374,1.1197471618652344,0.19938017427921295,ACN,T2,solaris,18,250000,1.0,0.01,8000,0.99,5e-05,0.0003125,1000000,20000,27000,8,0.25,32,8,250000,0,0.001,0.001,30,32,0
118,118,29750000,train,31,1066.4516129032259,0.017386198043823242,-0.1193452849984169,1.1880415678024292,0.226654514670372,ACN,T2,solaris,18,250000,1.0,0.01,8000,0.99,5e-05,0.0003125,1000000,20000,27000,8,0.25,32,8,250000,0,0.001,0.001,30,32,0
119,119,30000000,train,35,942.2857142857143,0.016489600762724876,-0.20805004239082336,1.1040153503417969,0.2801330089569092,ACN,T2,solaris,18,250000,1.0,0.01,8000,0.99,5e-05,0.0003125,1000000,20000,27000,8,0.25,32,8,250000,0,0.001,0.001,30,32,0
120,120,30250000,train,35,1037.142857142857,0.015811722725629807,-0.11051655560731888,0.9969372153282166,0.18881918489933014,ACN,T2,solaris,18,250000,1.0,0.01,8000,0.99,5e-05,0.0003125,1000000,20000,27000,8,0.25,32,8,250000,0,0.001,0.001,30,32,0
121,121,30500000,train,37,1030.8108108108108,0.014739736914634705,-0.11623251438140869,0.9080004692077637,0.2024715691804886,ACN,T2,solaris,18,250000,1.0,0.01,8000,0.99,5e-05,0.0003125,1000000,20000,27000,8,0.25,32,8,250000,0,0.001,0.001,30,32,0
122,122,30750000,train,37,1077.2972972972973,0.016179470345377922,-0.10200092941522598,0.9166768789291382,0.18697428703308105,ACN,T2,solaris,18,250000,1.0,0.01,8000,0.99,5e-05,0.0003125,1000000,20000,27000,8,0.25,32,8,250000,0,0.001,0.001,30,32,0
123,123,31000000,train,32,1228.75,0.017319148406386375,-0.09718888998031616,0.982256293296814,0.18829979002475739,ACN,T2,solaris,18,250000,1.0,0.01,8000,0.99,5e-05,0.0003125,1000000,20000,27000,8,0.25,32,8,250000,0,0.001,0.001,30,32,0
124,124,31250000,train,34,1352.9411764705883,0.018350750207901,-0.10334652662277222,1.3495919704437256,0.20296849310398102,ACN,T2,solaris,18,250000,1.0,0.01,8000,0.99,5e-05,0.0003125,1000000,20000,27000,8,0.25,32,8,250000,0,0.001,0.001,30,32,0
125,125,31500000,train,32,1493.75,0.01875291019678116,-0.13503368198871613,1.7308480739593506,0.33100688457489014,ACN,T2,solaris,18,250000,1.0,0.01,8000,0.99,5e-05,0.0003125,1000000,20000,27000,8,0.25,32,8,250000,0,0.001,0.001,30,32,0
126,126,31750000,train,35,976.0,0.018287338316440582,-0.131765216588974,1.7419887781143188,0.3360295295715332,ACN,T2,solaris,18,250000,1.0,0.01,8000,0.99,5e-05,0.0003125,1000000,20000,27000,8,0.25,32,8,250000,0,0.001,0.001,30,32,0
127,127,32000000,train,39,1481.5384615384614,0.017821351066231728,-0.1509309560060501,2.251293182373047,0.4416331946849823,ACN,T2,solaris,18,250000,1.0,0.01,8000,0.99,5e-05,0.0003125,1000000,20000,27000,8,0.25,32,8,250000,0,0.001,0.001,30,32,0
128,128,32250000,train,39,1163.5897435897436,0.019142018631100655,-0.1672823280096054,2.015529155731201,0.2884434759616852,ACN,T2,solaris,18,250000,1.0,0.01,8000,0.99,5e-05,0.0003125,1000000,20000,27000,8,0.25,32,8,250000,0,0.001,0.001,30,32,0
129,129,32500000,train,32,1250.625,0.019258342683315277,-0.13559968769550323,2.0944161415100098,0.411558598279953,ACN,T2,solaris,18,250000,1.0,0.01,8000,0.99,5e-05,0.0003125,1000000,20000,27000,8,0.25,32,8,250000,0,0.001,0.001,30,32,0
130,130,32750000,train,38,1203.6842105263158,0.0204466599971056,-0.11533766239881516,2.6266391277313232,0.6952845454216003,ACN,T2,solaris,18,250000,1.0,0.01,8000,0.99,5e-05,0.0003125,1000000,20000,27000,8,0.25,32,8,250000,0,0.001,0.001,30,32,0
131,131,33000000,train,29,1373.7931034482758,0.019863838329911232,-0.16998782753944397,3.8656275272369385,0.5159733891487122,ACN,T2,solaris,18,250000,1.0,0.01,8000,0.99,5e-05,0.0003125,1000000,20000,27000,8,0.25,32,8,250000,0,0.001,0.001,30,32,0
132,132,33250000,train,31,1580.6451612903227,0.019190337508916855,-0.20954829454421997,5.3989481925964355,0.9595611095428467,ACN,T2,solaris,18,250000,1.0,0.01,8000,0.99,5e-05,0.0003125,1000000,20000,27000,8,0.25,32,8,250000,0,0.001,0.001,30,32,0
133,133,33500000,train,37,1252.4324324324325,0.019120071083307266,-0.2751651108264923,8.260300636291504,1.2578414678573608,ACN,T2,solaris,18,250000,1.0,0.01,8000,0.99,5e-05,0.0003125,1000000,20000,27000,8,0.25,32,8,250000,0,0.001,0.001,30,32,0
134,134,33750000,train,38,1474.7368421052631,0.019879024475812912,-0.28213557600975037,9.240373611450195,1.5304386615753174,ACN,T2,solaris,18,250000,1.0,0.01,8000,0.99,5e-05,0.0003125,1000000,20000,27000,8,0.25,32,8,250000,0,0.001,0.001,30,32,0
135,135,34000000,train,36,1511.6666666666667,0.021651197224855423,-0.36514851450920105,18.010826110839844,3.753789186477661,ACN,T2,solaris,18,250000,1.0,0.01,8000,0.99,5e-05,0.0003125,1000000,20000,27000,8,0.25,32,8,250000,0,0.001,0.001,30,32,0
136,136,34250000,train,30,2346.6666666666665,0.024785928428173065,-0.5660440921783447,28.62495994567871,5.712125301361084,ACN,T2,solaris,18,250000,1.0,0.01,8000,0.99,5e-05,0.0003125,1000000,20000,27000,8,0.25,32,8,250000,0,0.001,0.001,30,32,0
137,137,34500000,train,35,1614.857142857143,0.023431401699781418,-0.9416136145591736,25.091325759887695,9.157232284545898,ACN,T2,solaris,18,250000,1.0,0.01,8000,0.99,5e-05,0.0003125,1000000,20000,27000,8,0.25,32,8,250000,0,0.001,0.001,30,32,0
138,138,34750000,train,29,2026.896551724138,0.023747621104121208,-0.8466495275497437,26.21137809753418,9.844318389892578,ACN,T2,solaris,18,250000,1.0,0.01,8000,0.99,5e-05,0.0003125,1000000,20000,27000,8,0.25,32,8,250000,0,0.001,0.001,30,32,0
139,139,35000000,train,32,1756.875,0.025174887850880623,-1.6197854280471802,28.3760929107666,15.343154907226562,ACN,T2,solaris,18,250000,1.0,0.01,8000,0.99,5e-05,0.0003125,1000000,20000,27000,8,0.25,32,8,250000,0,0.001,0.001,30,32,0
140,140,35250000,train,27,1597.7777777777778,0.024225270375609398,-2.97432541847229,34.67909240722656,21.31665802001953,ACN,T2,solaris,18,250000,1.0,0.01,8000,0.99,5e-05,0.0003125,1000000,20000,27000,8,0.25,32,8,250000,0,0.001,0.001,30,32,0
141,141,35500000,train,27,1106.6666666666667,0.020676996558904648,-3.508286476135254,39.68914794921875,20.853212356567383,ACN,T2,solaris,18,250000,1.0,0.01,8000,0.99,5e-05,0.0003125,1000000,20000,27000,8,0.25,32,8,250000,0,0.001,0.001,30,32,0
142,142,35750000,train,31,912.258064516129,0.02010389417409897,-4.043325424194336,43.25326919555664,27.135122299194336,ACN,T2,solaris,18,250000,1.0,0.01,8000,0.99,5e-05,0.0003125,1000000,20000,27000,8,0.25,32,8,250000,0,0.001,0.001,30,32,0
143,143,36000000,train,30,900.0,0.01998361572623253,-4.264734268188477,46.06848907470703,30.46026039123535,ACN,T2,solaris,18,250000,1.0,0.01,8000,0.99,5e-05,0.0003125,1000000,20000,27000,8,0.25,32,8,250000,0,0.001,0.001,30,32,0
144,144,36250000,train,27,830.3703703703703,0.017879348248243332,-3.972709894180298,47.30018997192383,30.896827697753906,ACN,T2,solaris,18,250000,1.0,0.01,8000,0.99,5e-05,0.0003125,1000000,20000,27000,8,0.25,32,8,250000,0,0.001,0.001,30,32,0
145,145,36500000,train,28,1056.4285714285713,0.0183090977370739,-5.754365921020508,49.063289642333984,48.09148025512695,ACN,T2,solaris,18,250000,1.0,0.01,8000,0.99,5e-05,0.0003125,1000000,20000,27000,8,0.25,32,8,250000,0,0.001,0.001,30,32,0
146,146,36750000,train,28,829.2857142857143,0.015817299485206604,-6.3312883377075195,41.13987350463867,41.1362419128418,ACN,T2,solaris,18,250000,1.0,0.01,8000,0.99,5e-05,0.0003125,1000000,20000,27000,8,0.25,32,8,250000,0,0.001,0.001,30,32,0
147,147,37000000,train,24,1240.8333333333333,0.017386626452207565,-7.526358604431152,45.92905044555664,53.89154815673828,ACN,T2,solaris,18,250000,1.0,0.01,8000,0.99,5e-05,0.0003125,1000000,20000,27000,8,0.25,32,8,250000,0,0.001,0.001,30,32,0
148,148,37250000,train,31,1436.1290322580646,0.01762164570391178,-7.403886795043945,43.060420989990234,49.95629119873047,ACN,T2,solaris,18,250000,1.0,0.01,8000,0.99,5e-05,0.0003125,1000000,20000,27000,8,0.25,32,8,250000,0,0.001,0.001,30,32,0
149,149,37500000,train,24,1345.8333333333333,0.019409148022532463,-8.710590362548828,41.85025405883789,41.80855178833008,ACN,T2,solaris,18,250000,1.0,0.01,8000,0.99,5e-05,0.0003125,1000000,20000,27000,8,0.25,32,8,250000,0,0.001,0.001,30,32,0
150,150,37750000,train,29,1044.8275862068965,0.018899686634540558,-8.33963394165039,48.19043731689453,75.40866088867188,ACN,T2,solaris,18,250000,1.0,0.01,8000,0.99,5e-05,0.0003125,1000000,20000,27000,8,0.25,32,8,250000,0,0.001,0.001,30,32,0
151,151,38000000,train,25,1079.2,0.01927504688501358,-7.542891025543213,48.5931396484375,56.74533462524414,ACN,T2,solaris,18,250000,1.0,0.01,8000,0.99,5e-05,0.0003125,1000000,20000,27000,8,0.25,32,8,250000,0,0.001,0.001,30,32,0
152,152,38250000,train,27,1427.4074074074074,0.018456606194376945,-7.804892539978027,49.06203842163086,50.94532775878906,ACN,T2,solaris,18,250000,1.0,0.01,8000,0.99,5e-05,0.0003125,1000000,20000,27000,8,0.25,32,8,250000,0,0.001,0.001,30,32,0
153,153,38500000,train,25,1555.2,0.016887420788407326,-7.988149166107178,45.74368667602539,27.295886993408203,ACN,T2,solaris,18,250000,1.0,0.01,8000,0.99,5e-05,0.0003125,1000000,20000,27000,8,0.25,32,8,250000,0,0.001,0.001,30,32,0
154,154,38750000,train,26,1294.6153846153845,0.017329873517155647,-7.056500434875488,47.02302551269531,53.31255340576172,ACN,T2,solaris,18,250000,1.0,0.01,8000,0.99,5e-05,0.0003125,1000000,20000,27000,8,0.25,32,8,250000,0,0.001,0.001,30,32,0
155,155,39000000,train,26,744.6153846153846,0.017543835565447807,-12.08903980255127,48.918582916259766,37.46866989135742,ACN,T2,solaris,18,250000,1.0,0.01,8000,0.99,5e-05,0.0003125,1000000,20000,27000,8,0.25,32,8,250000,0,0.001,0.001,30,32,0
156,156,39250000,train,23,1053.9130434782608,0.016157900914549828,-12.056930541992188,49.24366760253906,37.094112396240234,ACN,T2,solaris,18,250000,1.0,0.01,8000,0.99,5e-05,0.0003125,1000000,20000,27000,8,0.25,32,8,250000,0,0.001,0.001,30,32,0
157,157,39500000,train,25,925.6,0.014114937745034695,-10.817278861999512,49.25071334838867,34.267852783203125,ACN,T2,solaris,18,250000,1.0,0.01,8000,0.99,5e-05,0.0003125,1000000,20000,27000,8,0.25,32,8,250000,0,0.001,0.001,30,32,0
158,158,39750000,train,25,723.2,0.01191804837435484,-9.81503963470459,48.0203971862793,33.86123275756836,ACN,T2,solaris,18,250000,1.0,0.01,8000,0.99,5e-05,0.0003125,1000000,20000,27000,8,0.25,32,8,250000,0,0.001,0.001,30,32,0
159,159,40000000,train,26,890.0,0.01087430864572525,-8.378236770629883,47.91073226928711,27.592985153198242,ACN,T2,solaris,18,250000,1.0,0.01,8000,0.99,5e-05,0.0003125,1000000,20000,27000,8,0.25,32,8,250000,0,0.001,0.001,30,32,0
160,160,40250000,train,27,939.2592592592592,0.011093593202531338,-5.525999069213867,44.99077224731445,26.369911193847656,ACN,T2,solaris,18,250000,1.0,0.01,8000,0.99,5e-05,0.0003125,1000000,20000,27000,8,0.25,32,8,250000,0,0.001,0.001,30,32,0
161,161,40500000,train,26,953.8461538461538,0.011720533482730389,-6.052526473999023,49.26841735839844,39.35333251953125,ACN,T2,solaris,18,250000,1.0,0.01,8000,0.99,5e-05,0.0003125,1000000,20000,27000,8,0.25,32,8,250000,0,0.001,0.001,30,32,0
162,162,40750000,train,26,903.0769230769231,0.01229595672339201,-4.6518988609313965,48.30934524536133,34.066776275634766,ACN,T2,solaris,18,250000,1.0,0.01,8000,0.99,5e-05,0.0003125,1000000,20000,27000,8,0.25,32,8,250000,0,0.001,0.001,30,32,0
163,163,41000000,train,26,1126.1538461538462,0.012857163324952126,-4.406615734100342,49.24101638793945,30.42706298828125,ACN,T2,solaris,18,250000,1.0,0.01,8000,0.99,5e-05,0.0003125,1000000,20000,27000,8,0.25,32,8,250000,0,0.001,0.001,30,32,0
164,164,41250000,train,22,1004.5454545454545,0.012744050472974777,-4.579339981079102,49.45014572143555,24.158071517944336,ACN,T2,solaris,18,250000,1.0,0.01,8000,0.99,5e-05,0.0003125,1000000,20000,27000,8,0.25,32,8,250000,0,0.001,0.001,30,32,0
165,165,41500000,train,28,1095.7142857142858,0.012839931063354015,-5.368712902069092,49.46661376953125,26.967857360839844,ACN,T2,solaris,18,250000,1.0,0.01,8000,0.99,5e-05,0.0003125,1000000,20000,27000,8,0.25,32,8,250000,0,0.001,0.001,30,32,0
166,166,41750000,train,26,1352.3076923076924,0.013360707089304924,-4.200608730316162,49.416839599609375,28.197834014892578,ACN,T2,solaris,18,250000,1.0,0.01,8000,0.99,5e-05,0.0003125,1000000,20000,27000,8,0.25,32,8,250000,0,0.001,0.001,30,32,0
167,167,42000000,train,27,936.2962962962963,0.014531210064888,-3.3003756999969482,49.42105484008789,28.27885627746582,ACN,T2,solaris,18,250000,1.0,0.01,8000,0.99,5e-05,0.0003125,1000000,20000,27000,8,0.25,32,8,250000,0,0.001,0.001,30,32,0
168,168,42250000,train,27,1875.5555555555557,0.01688435859978199,-4.320456027984619,49.48902130126953,31.076274871826172,ACN,T2,solaris,18,250000,1.0,0.01,8000,0.99,5e-05,0.0003125,1000000,20000,27000,8,0.25,32,8,250000,0,0.001,0.001,30,32,0
169,169,42500000,train,30,1741.3333333333333,0.01981627754867077,-4.575104713439941,49.525508880615234,38.421722412109375,ACN,T2,solaris,18,250000,1.0,0.01,8000,0.99,5e-05,0.0003125,1000000,20000,27000,8,0.25,32,8,250000,0,0.001,0.001,30,32,0
170,170,42750000,train,28,1381.4285714285713,0.021548081189393997,-5.76461124420166,49.28343963623047,22.711387634277344,ACN,T2,solaris,18,250000,1.0,0.01,8000,0.99,5e-05,0.0003125,1000000,20000,27000,8,0.25,32,8,250000,0,0.001,0.001,30,32,0
171,171,43000000,train,25,1210.4,0.02181590534746647,-4.985827445983887,48.83161926269531,23.22181510925293,ACN,T2,solaris,18,250000,1.0,0.01,8000,0.99,5e-05,0.0003125,1000000,20000,27000,8,0.25,32,8,250000,0,0.001,0.001,30,32,0
172,172,43250000,train,27,1035.5555555555557,0.0208523441106081,-4.560234069824219,49.48601150512695,58.5450439453125,ACN,T2,solaris,18,250000,1.0,0.01,8000,0.99,5e-05,0.0003125,1000000,20000,27000,8,0.25,32,8,250000,0,0.001,0.001,30,32,0
173,173,43500000,train,27,914.8148148148148,0.019679049029946327,-5.911998271942139,49.17034912109375,37.85210418701172,ACN,T2,solaris,18,250000,1.0,0.01,8000,0.99,5e-05,0.0003125,1000000,20000,27000,8,0.25,32,8,250000,0,0.001,0.001,30,32,0
174,174,43750000,train,28,1277.857142857143,0.024057673290371895,-8.060458183288574,49.5151252746582,55.5359992980957,ACN,T2,solaris,18,250000,1.0,0.01,8000,0.99,5e-05,0.0003125,1000000,20000,27000,8,0.25,32,8,250000,0,0.001,0.001,30,32,0
175,175,44000000,train,29,1042.0689655172414,0.02844281680881977,-7.705735683441162,49.32518768310547,62.24977493286133,ACN,T2,solaris,18,250000,1.0,0.01,8000,0.99,5e-05,0.0003125,1000000,20000,27000,8,0.25,32,8,250000,0,0.001,0.001,30,32,0
176,176,44250000,train,25,1098.4,0.0212897639721632,-6.376748561859131,48.39897537231445,48.501625061035156,ACN,T2,solaris,18,250000,1.0,0.01,8000,0.99,5e-05,0.0003125,1000000,20000,27000,8,0.25,32,8,250000,0,0.001,0.001,30,32,0
177,177,44500000,train,30,828.0,0.019616488367319107,-4.460944175720215,49.35353088378906,52.74755096435547,ACN,T2,solaris,18,250000,1.0,0.01,8000,0.99,5e-05,0.0003125,1000000,20000,27000,8,0.25,32,8,250000,0,0.001,0.001,30,32,0
178,178,44750000,train,32,680.625,0.019562678411602974,-4.485531330108643,48.80274200439453,72.44792175292969,ACN,T2,solaris,18,250000,1.0,0.01,8000,0.99,5e-05,0.0003125,1000000,20000,27000,8,0.25,32,8,250000,0,0.001,0.001,30,32,0
179,179,45000000,train,26,1149.2307692307693,0.01739456132054329,-6.192588806152344,48.92438507080078,68.25978088378906,ACN,T2,solaris,18,250000,1.0,0.01,8000,0.99,5e-05,0.0003125,1000000,20000,27000,8,0.25,32,8,250000,0,0.001,0.001,30,32,0
180,180,45250000,train,28,876.4285714285714,0.01829097792506218,-7.337634086608887,48.31316375732422,81.14077758789062,ACN,T2,solaris,18,250000,1.0,0.01,8000,0.99,5e-05,0.0003125,1000000,20000,27000,8,0.25,32,8,250000,0,0.001,0.001,30,32,0
181,181,45500000,train,28,915.7142857142857,0.01792610064148903,-6.3472442626953125,42.31699752807617,38.43304443359375,ACN,T2,solaris,18,250000,1.0,0.01,8000,0.99,5e-05,0.0003125,1000000,20000,27000,8,0.25,32,8,250000,0,0.001,0.001,30,32,0
182,182,45750000,train,32,713.125,0.01719955913722515,-6.708948612213135,39.993011474609375,42.02309799194336,ACN,T2,solaris,18,250000,1.0,0.01,8000,0.99,5e-05,0.0003125,1000000,20000,27000,8,0.25,32,8,250000,0,0.001,0.001,30,32,0
183,183,46000000,train,28,333.57142857142856,0.015365589410066605,-5.627530097961426,38.2839241027832,76.2256088256836,ACN,T2,solaris,18,250000,1.0,0.01,8000,0.99,5e-05,0.0003125,1000000,20000,27000,8,0.25,32,8,250000,0,0.001,0.001,30,32,0
184,184,46250000,train,26,642.3076923076923,0.014442753978073597,-6.272239685058594,40.45405578613281,42.0832633972168,ACN,T2,solaris,18,250000,1.0,0.01,8000,0.99,5e-05,0.0003125,1000000,20000,27000,8,0.25,32,8,250000,0,0.001,0.001,30,32,0
185,185,46500000,train,28,672.1428571428571,0.012558727525174618,-6.948747158050537,38.663978576660156,37.45900344848633,ACN,T2,solaris,18,250000,1.0,0.01,8000,0.99,5e-05,0.0003125,1000000,20000,27000,8,0.25,32,8,250000,0,0.001,0.001,30,32,0
186,186,46750000,train,33,1102.4242424242425,0.01171876210719347,-6.543401718139648,35.714962005615234,23.20760154724121,ACN,T2,solaris,18,250000,1.0,0.01,8000,0.99,5e-05,0.0003125,1000000,20000,27000,8,0.25,32,8,250000,0,0.001,0.001,30,32,0
187,187,47000000,train,36,1271.6666666666667,0.014711053110659122,-7.643045902252197,35.62529754638672,34.18585968017578,ACN,T2,solaris,18,250000,1.0,0.01,8000,0.99,5e-05,0.0003125,1000000,20000,27000,8,0.25,32,8,250000,0,0.001,0.001,30,32,0
188,188,47250000,train,30,929.3333333333334,0.017082668840885162,-7.8563232421875,46.84068298339844,24.180986404418945,ACN,T2,solaris,18,250000,1.0,0.01,8000,0.99,5e-05,0.0003125,1000000,20000,27000,8,0.25,32,8,250000,0,0.001,0.001,30,32,0
189,189,47500000,train,31,784.516129032258,0.016534337773919106,-9.302044868469238,47.42398452758789,34.22498321533203,ACN,T2,solaris,18,250000,1.0,0.01,8000,0.99,5e-05,0.0003125,1000000,20000,27000,8,0.25,32,8,250000,0,0.001,0.001,30,32,0
190,190,47750000,train,28,1002.1428571428571,0.01542544737458229,-7.241754055023193,45.44382858276367,39.10516357421875,ACN,T2,solaris,18,250000,1.0,0.01,8000,0.99,5e-05,0.0003125,1000000,20000,27000,8,0.25,32,8,250000,0,0.001,0.001,30,32,0
191,191,48000000,train,31,869.6774193548387,0.014510869979858398,-6.884850978851318,46.9676628112793,47.57453155517578,ACN,T2,solaris,18,250000,1.0,0.01,8000,0.99,5e-05,0.0003125,1000000,20000,27000,8,0.25,32,8,250000,0,0.001,0.001,30,32,0
192,192,48250000,train,29,1131.7241379310344,0.013255090452730656,-7.16891622543335,48.67245864868164,30.680072784423828,ACN,T2,solaris,18,250000,1.0,0.01,8000,0.99,5e-05,0.0003125,1000000,20000,27000,8,0.25,32,8,250000,0,0.001,0.001,30,32,0
193,193,48500000,train,28,1238.5714285714287,0.013575088232755661,-6.742459297180176,48.27180480957031,49.91608810424805,ACN,T2,solaris,18,250000,1.0,0.01,8000,0.99,5e-05,0.0003125,1000000,20000,27000,8,0.25,32,8,250000,0,0.001,0.001,30,32,0
194,194,48750000,train,29,1066.896551724138,0.013904762454330921,-6.028401851654053,48.65651321411133,29.83724594116211,ACN,T2,solaris,18,250000,1.0,0.01,8000,0.99,5e-05,0.0003125,1000000,20000,27000,8,0.25,32,8,250000,0,0.001,0.001,30,32,0
195,195,49000000,train,28,1004.2857142857143,0.014472505077719688,-5.965617656707764,44.111305236816406,48.119239807128906,ACN,T2,solaris,18,250000,1.0,0.01,8000,0.99,5e-05,0.0003125,1000000,20000,27000,8,0.25,32,8,250000,0,0.001,0.001,30,32,0
196,196,49250000,train,33,939.3939393939394,0.014000429771840572,-6.119938850402832,47.99028778076172,26.02952003479004,ACN,T2,solaris,18,250000,1.0,0.01,8000,0.99,5e-05,0.0003125,1000000,20000,27000,8,0.25,32,8,250000,0,0.001,0.001,30,32,0
197,197,49500000,train,29,897.2413793103449,0.01298257801681757,-6.347689151763916,47.43075942993164,30.84806251525879,ACN,T2,solaris,18,250000,1.0,0.01,8000,0.99,5e-05,0.0003125,1000000,20000,27000,8,0.25,32,8,250000,0,0.001,0.001,30,32,0
198,198,49750000,train,31,816.7741935483871,0.012057523243129253,-5.639285564422607,48.464908599853516,26.512893676757812,ACN,T2,solaris,18,250000,1.0,0.01,8000,0.99,5e-05,0.0003125,1000000,20000,27000,8,0.25,32,8,250000,0,0.001,0.001,30,32,0
199,199,50000000,train,30,871.3333333333334,0.012500107288360596,-5.584799766540527,47.55673599243164,28.854551315307617,ACN,T2,solaris,18,250000,1.0,0.01,8000,0.99,5e-05,0.0003125,1000000,20000,27000,8,0.25,32,8,250000,0,0.001,0.001,30,32,0
